species,island,bill_length_mm,bill_depth_mm,flipper_length_mm,body_mass_g,sex,year
Adelie,Torgersen,39.5,19.1,182,3750,male,2007
Adelie,Torgersen,38.3,18.4,187,3800,female,2008
Adelie,Torgersen,40.7,18.7,194,3248,female,2007
Adelie,Torgersen,38.0,19.5,194,3448,female,2006
Adelie,Torgersen,41.1,21.3,190,3650,male,2008
Adelie,Torgersen,37.7,16.8,182,3626,female,2008
Adelie,Torgersen,39.7,18.5,196,4675,male,2006
Adelie,Torgersen,40.6,16.4,181,3201,female,2007
Adelie,Torgersen,39.1,21.2,189,3799,male,2006
Adelie,Torgersen,34.4,21.8,200,4400,male,2008
Adelie,Torgersen,36.4,18.7,185,3701,female,2007
Adelie,Torgersen,39.4,20.5,195,3450,female,2008
Adelie,Torgersen,43.2,21.0,196,4500,male,2007
Adelie,Torgersen,34.7,18.3,185,3324,female,2007
Adelie,Torgersen,46.5,20.8,196,4200,male,2008
Adelie,Biscoe,38.2,18.6,176,3399,female,2006
Adelie,Biscoe,38.0,18.6,178,3598,male,2006
Adelie,Biscoe,36.0,18.9,188,3799,female,2006
Adelie,Biscoe,39.1,17.4,185,3950,male,2007
Adelie,Biscoe,39.5,16.2,181,3800,male,2007
Adelie,Biscoe,36.1,17.9,186,3801,female,2007
Adelie,Biscoe,41.7,20.1,182,3550,male,2008
Adelie,Biscoe,41.0,18.2,187,3200,female,2006
Adelie,Biscoe,37.7,18.2,171,3151,female,2008
Adelie,Biscoe,39.4,17.3,182,3952,male,2006
Adelie,Dream,39.0,16.9,176,3250,female,2007
Adelie,Dream,36.3,17.6,179,3901,male,2006
Adelie,Dream,39.2,17.7,186,3300,female,2007
Adelie,Dream,40.4,18.7,184,3900,male,2006
Adelie,Dream,36.2,17.8,196,3323,female,2007
Adelie,Dream,38.2,21.0,197,4149,male,2008
Adelie,Dream,38.2,19.8,189,3949,male,2007
Adelie,Dream,42.6,20.9,179,3549,female,2009
Adelie,Dream,37.8,20.4,181,3299,female,2005
Adelie,Dream,39.4,19.2,183,4650,male,2006
Adelie,Dream,37.5,17.3,182,3151,female,2008
Adelie,Dream,39.2,19.6,194,3899,male,2008
Adelie,Dream,36.5,17.6,184,3100,female,2007
Adelie,Dream,45.7,19.7,196,4400,male,2009
Adelie,Dream,36.6,17.8,184,3001,female,2009
Adelie,Dream,40.0,18.4,191,4600,male,2006
Adelie,Dream,40.5,18.6,182,3425,male,2007
Adelie,Dream,36.0,18.3,190,3449,female,2006
Adelie,Dream,43.1,21.3,192,4151,male,2006
Adelie,Biscoe,38.7,17.5,188,3501,female,2008
Adelie,Biscoe,39.5,18.7,188,4300,male,2008
Adelie,Biscoe,35.5,18.2,190,3453,female,2007
Adelie,Biscoe,42.4,20.0,201,4050,male,2008
Adelie,Biscoe,35.3,19.4,187,2903,female,2007
Adelie,Biscoe,42.7,18.2,190,3700,male,2008
Adelie,Biscoe,39.8,18.8,187,3548,female,2008
Adelie,Biscoe,39.5,17.3,191,3799,male,2008
Adelie,Biscoe,36.7,16.0,181,2849,female,2007
Adelie,Biscoe,37.2,17.7,194,3751,male,2008
Adelie,Biscoe,35.7,17.2,184,3152,female,2008
Adelie,Biscoe,42.2,21.5,192,4400,male,2008
Adelie,Biscoe,37.9,15.6,184,3600,female,2008
Adelie,Biscoe,41.3,18.2,193,4049,male,2007
Adelie,Biscoe,36.3,16.2,184,2849,female,2008
Adelie,Biscoe,42.0,18.5,191,3949,male,2008
Adelie,Biscoe,34.3,14.6,194,3349,female,2007
Adelie,Biscoe,40.7,20.0,187,4099,male,2008
Adelie,Torgersen,37.5,16.6,190,3049,female,2007
Adelie,Torgersen,42.4,18.4,199,4451,male,2009
Adelie,Torgersen,32.5,18.9,191,3601,female,2010
Adelie,Torgersen,38.5,18.1,188,3902,male,2008
Adelie,Torgersen,38.6,16.8,196,3548,female,2008
Adelie,Torgersen,46.4,17.4,197,4150,male,2010
Adelie,Torgersen,35.9,16.9,190,3700,female,2008
Adelie,Torgersen,42.2,18.3,194,4250,male,2008
Adelie,Torgersen,40.5,15.3,191,3698,female,2009
Adelie,Torgersen,38.2,19.7,183,3900,male,2007
Adelie,Torgersen,35.9,17.5,188,3549,female,2008
Adelie,Torgersen,42.0,19.9,194,4000,male,2007
Adelie,Torgersen,35.0,16.4,189,3199,female,2007
Adelie,Torgersen,42.7,16.9,194,4703,male,2008
Adelie,Torgersen,36.0,18.3,187,3799,female,2008
Adelie,Torgersen,34.7,20.0,194,4200,male,2010
Adelie,Dream,36.2,17.8,192,3349,female,2005
Adelie,Dream,41.8,19.4,195,3550,male,2009
Adelie,Dream,37.6,18.0,189,3802,male,2007
Adelie,Dream,37.1,19.2,189,3500,female,2008
Adelie,Dream,39.1,18.2,189,3951,male,2007
Adelie,Dream,38.2,19.3,191,3599,female,2009
Adelie,Dream,35.6,18.1,202,3552,female,2009
Adelie,Dream,41.0,18.8,205,4300,male,2008
Adelie,Dream,32.6,18.2,187,3399,female,2007
Adelie,Dream,39.7,16.7,187,4450,male,2010
Adelie,Dream,36.7,18.3,185,3300,female,2008
Adelie,Dream,41.5,19.6,208,4301,male,2008
Adelie,Dream,39.4,18.3,189,3699,female,2008
Adelie,Dream,38.8,18.5,199,4350,male,2008
Adelie,Dream,33.7,16.6,178,2902,female,2008
Adelie,Dream,43.9,19.2,193,4101,male,2007
Adelie,Biscoe,34.8,16.2,192,3725,female,2010
Adelie,Biscoe,41.6,21.5,203,4725,male,2010
Adelie,Biscoe,36.3,14.6,183,3075,female,2009
Adelie,Biscoe,38.0,17.9,190,4251,male,2010
Adelie,Biscoe,34.8,19.6,194,2925,female,2008
Adelie,Biscoe,40.0,17.4,185,3551,male,2010
Adelie,Biscoe,40.2,17.0,197,3751,female,2009
Adelie,Biscoe,39.7,18.7,189,3900,male,2010
Adelie,Biscoe,35.4,15.2,180,3176,female,2009
Adelie,Biscoe,43.7,18.6,196,4775,male,2008
Adelie,Biscoe,37.8,17.1,199,3826,female,2008
Adelie,Biscoe,45.6,20.6,192,4600,male,2010
Adelie,Biscoe,37.5,17.1,192,3200,female,2010
Adelie,Biscoe,42.6,19.5,198,4275,male,2011
Adelie,Biscoe,39.1,20.6,190,3899,female,2009
Adelie,Biscoe,43.1,18.3,195,4076,male,2008
Adelie,Torgersen,38.4,16.6,188,2899,female,2010
Adelie,Torgersen,36.3,20.9,199,3776,male,2007
Adelie,Torgersen,36.0,15.9,188,3349,female,2009
Adelie,Torgersen,41.7,19.0,188,3324,male,2010
Adelie,Torgersen,36.3,16.9,187,3151,female,2008
Adelie,Torgersen,38.3,19.5,198,3500,male,2007
Adelie,Torgersen,39.7,17.7,177,3448,female,2009
Adelie,Torgersen,42.7,18.1,201,3877,male,2011
Adelie,Torgersen,34.8,14.9,187,3048,female,2008
Adelie,Torgersen,40.0,17.8,198,3999,male,2008
Adelie,Torgersen,39.8,18.3,190,3273,female,2008
Adelie,Torgersen,42.6,16.0,195,4299,male,2010
Adelie,Torgersen,39.7,16.7,190,3050,female,2008
Adelie,Torgersen,44.3,18.2,209,4000,male,2008
Adelie,Torgersen,40.1,16.5,190,3324,female,2008
Adelie,Torgersen,42.1,19.2,197,3500,male,2008
Adelie,Dream,37.9,19.2,194,3500,female,2008
Adelie,Dream,39.2,16.7,199,4474,male,2010
Adelie,Dream,38.2,16.7,185,3423,female,2009
Adelie,Dream,41.7,19.3,189,3899,male,2009
Adelie,Dream,36.2,16.8,190,3173,female,2008
Adelie,Dream,41.4,19.1,199,3976,male,2010
Adelie,Dream,36.1,15.6,185,3402,female,2006
Adelie,Dream,40.6,17.5,196,4249,male,2010
Adelie,Dream,38.5,17.3,194,3399,female,2009
Adelie,Dream,42.7,16.5,187,3474,male,2009
Adelie,Dream,31.5,15.7,189,3051,female,2009
Adelie,Dream,40.4,17.7,191,3725,male,2008
Adelie,Dream,37.6,17.1,192,3000,female,2008
Adelie,Dream,37.7,19.4,186,3651,male,2009
Adelie,Dream,38.9,17.8,191,4250,male,2007
Adelie,Dream,36.7,18.3,184,3475,female,2009
Adelie,Dream,35.7,18.5,195,3449,female,2009
Adelie,Dream,39.8,18.2,194,3750,male,2009
Adelie,Dream,34.2,17.3,187,3699,female,2008
Adelie,Dream,41.4,18.6,201,3999,male,2010
Gentoo,Biscoe,47.3,13.4,210,4499,female,2006
Gentoo,Biscoe,49.2,16.3,230,5701,male,2006
Gentoo,Biscoe,48.6,13.0,210,4449,female,2006
Gentoo,Biscoe,51.9,15.4,218,5700,male,2009
Gentoo,Biscoe,45.7,14.0,215,5401,male,2007
Gentoo,Biscoe,45.7,14.9,209,4550,female,2007
Gentoo,Biscoe,44.2,14.1,210,4801,female,2007
Gentoo,Biscoe,47.3,15.5,220,5200,male,2007
Gentoo,Biscoe,42.4,11.4,208,4400,female,2008
Gentoo,Biscoe,47.3,14.7,215,5148,male,2008
Gentoo,Biscoe,40.3,12.9,213,4649,female,2008
Gentoo,Biscoe,48.8,17.3,216,5549,male,2006
Gentoo,Biscoe,46.4,13.5,214,4650,female,2007
Gentoo,Biscoe,48.5,14.7,212,5852,male,2007
Gentoo,Biscoe,43.9,14.9,211,4200,female,2008
Gentoo,Biscoe,48.8,15.2,217,5849,male,2007
Gentoo,Biscoe,42.7,13.8,210,4151,female,2008
Gentoo,Biscoe,51.1,16.7,221,6300,male,2006
Gentoo,Biscoe,45.1,15.1,209,4800,female,2007
Gentoo,Biscoe,48.5,15.8,221,5350,male,2008
Gentoo,Biscoe,50.1,13.5,217,5700,male,2005
Gentoo,Biscoe,44.4,14.7,215,5000,female,2007
Gentoo,Biscoe,45.1,14.8,212,4401,female,2008
Gentoo,Biscoe,48.1,15.1,215,5050,male,2007
Gentoo,Biscoe,44.4,13.2,213,4999,female,2008
Gentoo,Biscoe,44.7,17.1,214,5101,male,2006
Gentoo,Biscoe,45.9,14.0,215,5649,male,2007
Gentoo,Biscoe,47.9,14.9,211,4601,female,2007
Gentoo,Biscoe,50.4,14.2,220,5549,male,2007
Gentoo,Biscoe,47.2,15.7,221,5251,male,2006
Gentoo,Biscoe,43.9,13.2,209,4701,female,2007
Gentoo,Biscoe,44.9,15.1,208,5051,female,2006
Gentoo,Biscoe,58.4,15.7,231,6050,male,2007
Gentoo,Biscoe,50.6,14.8,221,5151,female,2009
Gentoo,Biscoe,48.2,17.6,221,5398,male,2007
Gentoo,Biscoe,42.3,13.5,213,4950,female,2008
Gentoo,Biscoe,44.1,17.2,220,5250,male,2008
Gentoo,Biscoe,44.1,15.0,207,4351,female,2008
Gentoo,Biscoe,46.4,17.7,208,5350,male,2009
Gentoo,Biscoe,43.4,16.2,208,3951,female,2008
Gentoo,Biscoe,50.3,15.6,225,5700,male,2008
Gentoo,Biscoe,45.9,12.6,211,4301,female,2007
Gentoo,Biscoe,49.2,15.7,217,4750,male,2008
Gentoo,Biscoe,50.6,16.3,221,5551,male,2007
Gentoo,Biscoe,42.2,15.2,217,4899,female,2008
Gentoo,Biscoe,45.9,14.1,209,4201,female,2009
Gentoo,Biscoe,49.7,16.1,225,5400,male,2008
Gentoo,Biscoe,46.2,14.8,213,5100,female,2006
Gentoo,Biscoe,44.3,16.0,216,5299,male,2007
Gentoo,Biscoe,44.5,14.9,210,4851,female,2007
Gentoo,Biscoe,48.7,14.6,221,5303,male,2009
Gentoo,Biscoe,43.5,14.4,211,4402,female,2008
Gentoo,Biscoe,49.2,14.5,225,5001,male,2010
Gentoo,Biscoe,47.3,14.1,218,4899,female,2008
Gentoo,Biscoe,46.9,13.5,220,5050,male,2006
Gentoo,Biscoe,43.5,15.2,207,4300,female,2008
Gentoo,Biscoe,46.5,13.4,220,4998,male,2007
Gentoo,Biscoe,41.8,13.9,207,4450,female,2008
Gentoo,Biscoe,52.1,14.9,225,5550,male,2008
Gentoo,Biscoe,45.3,15.0,207,4200,female,2008
Gentoo,Biscoe,45.4,15.0,222,5299,male,2008
Gentoo,Biscoe,46.1,14.8,212,4401,female,2010
Gentoo,Biscoe,53.5,15.4,230,5652,male,2010
Gentoo,Biscoe,45.9,15.9,219,4701,female,2007
Gentoo,Biscoe,49.9,17.3,229,5701,male,2008
Gentoo,Biscoe,50.7,16.7,230,5800,male,2009
Gentoo,Biscoe,42.9,15.1,220,4700,female,2009
Gentoo,Biscoe,50.3,13.5,223,5551,male,2007
Gentoo,Biscoe,47.8,15.0,217,4751,female,2009
Gentoo,Biscoe,47.3,15.8,221,4999,male,2007
Gentoo,Biscoe,50.1,14.8,222,5101,male,2008
Gentoo,Biscoe,48.1,14.8,217,5199,female,2008
Gentoo,Biscoe,47.4,14.3,217,4699,female,2006
Gentoo,Biscoe,46.7,16.2,229,5802,male,2008
Gentoo,Biscoe,48.4,12.4,208,4600,female,2006
Gentoo,Biscoe,51.9,16.6,218,6000,male,2006
Gentoo,Biscoe,44.5,13.2,215,4751,female,2008
Gentoo,Biscoe,44.6,17.3,224,5950,male,2008
Gentoo,Biscoe,47.7,12.5,211,4624,female,2010
Gentoo,Biscoe,52.5,15.6,221,5450,male,2009
Gentoo,Biscoe,47.5,14.4,212,4723,female,2008
Gentoo,Biscoe,48.2,16.8,224,5350,male,2008
Gentoo,Biscoe,43.3,12.2,212,4750,female,2010
Gentoo,Biscoe,51.0,16.8,227,5599,male,2010
Gentoo,Biscoe,42.4,15.1,217,4600,female,2010
Gentoo,Biscoe,51.0,14.8,218,5299,male,2009
Gentoo,Biscoe,48.5,14.4,213,4876,female,2009
Gentoo,Biscoe,51.7,17.3,229,5550,male,2011
Gentoo,Biscoe,47.6,13.3,218,4949,female,2007
Gentoo,Biscoe,52.8,18.0,228,5400,male,2010
Gentoo,Biscoe,44.4,14.7,213,4750,female,2009
Gentoo,Biscoe,50.7,14.3,224,5650,male,2008
Gentoo,Biscoe,45.4,14.5,215,4850,female,2010
Gentoo,Biscoe,52.1,16.7,225,5200,male,2008
Gentoo,Biscoe,49.0,16.5,217,4925,male,2009
Gentoo,Biscoe,45.4,14.0,222,4876,female,2009
Gentoo,Biscoe,48.9,15.3,202,4627,female,2009
Gentoo,Biscoe,51.7,16.1,223,5248,male,2007
Gentoo,Biscoe,51.0,15.4,219,4850,female,2009
Gentoo,Biscoe,57.6,17.9,229,5601,male,2009
Gentoo,Biscoe,46.7,15.9,215,4974,female,2008
Gentoo,Biscoe,48.1,14.3,228,5501,male,2008
Gentoo,Biscoe,47.4,16.9,215,5500,male,2008
Gentoo,Biscoe,43.7,16.2,210,4701,female,2008
Gentoo,Biscoe,52.2,14.9,218,5501,male,2010
Gentoo,Biscoe,42.5,13.8,208,4576,female,2010
Gentoo,Biscoe,49.8,16.1,209,5501,male,2009
Gentoo,Biscoe,52.3,14.3,215,4998,female,2011
Gentoo,Biscoe,50.0,14.2,229,5949,male,2011
Gentoo,Biscoe,41.9,14.7,213,4651,female,2010
Gentoo,Biscoe,51.0,17.4,231,5499,male,2008
Gentoo,Biscoe,47.4,12.7,218,4374,female,2010
Gentoo,Biscoe,57.3,15.8,230,5851,male,2009
Gentoo,Biscoe,48.8,17.2,222,6000,male,2009
Gentoo,Biscoe,46.6,13.7,214,4925,female,2009
Gentoo,Biscoe,47.1,14.9,215,4850,female,2009
Gentoo,Biscoe,50.5,17.3,221,5748,male,2009
Gentoo,Biscoe,44.3,15.7,213,5198,female,2010
Gentoo,Biscoe,50.5,16.7,212,5400,male,2009
Chinstrap,Dream,47.9,18.4,194,3500,female,2006
Chinstrap,Dream,50.0,18.3,195,3899,male,2007
Chinstrap,Dream,51.9,20.0,190,3648,male,2006
Chinstrap,Dream,45.7,19.2,189,3526,female,2007
Chinstrap,Dream,53.2,20.2,196,3726,male,2007
Chinstrap,Dream,45.0,17.9,199,3950,female,2007
Chinstrap,Dream,47.3,16.9,178,3251,female,2007
Chinstrap,Dream,51.5,18.4,198,3751,male,2005
Chinstrap,Dream,45.5,20.2,194,4149,female,2007
Chinstrap,Dream,51.9,19.3,197,3701,male,2008
Chinstrap,Dream,47.6,16.0,194,3799,female,2008
Chinstrap,Dream,51.6,22.1,193,3775,male,2009
Chinstrap,Dream,44.3,16.7,183,3700,female,2006
Chinstrap,Dream,53.6,19.2,202,4050,male,2006
Chinstrap,Dream,45.1,17.7,190,3576,female,2007
Chinstrap,Dream,50.2,21.3,203,4051,male,2005
Chinstrap,Dream,51.9,20.0,197,3299,male,2008
Chinstrap,Dream,56.1,17.5,181,3699,female,2006
Chinstrap,Dream,45.3,20.3,189,3449,female,2007
Chinstrap,Dream,48.5,20.4,197,4401,male,2007
Chinstrap,Dream,41.1,17.6,180,3600,female,2005
Chinstrap,Dream,49.6,17.7,192,3400,male,2007
Chinstrap,Dream,44.5,17.3,188,2901,female,2006
Chinstrap,Dream,51.1,18.7,192,3799,male,2008
Chinstrap,Dream,46.3,18.4,197,3301,female,2005
Chinstrap,Dream,51.6,18.0,196,4149,male,2007
Chinstrap,Dream,49.9,18.1,200,3401,female,2007
Chinstrap,Dream,49.0,19.8,200,3800,male,2009
Chinstrap,Dream,46.9,17.0,193,3699,female,2007
Chinstrap,Dream,53.7,20.9,206,4551,male,2009
Chinstrap,Dream,40.4,17.1,189,3201,female,2008
Chinstrap,Dream,54.5,22.2,200,4299,male,2008
Chinstrap,Dream,40.1,18.9,185,3350,female,2009
Chinstrap,Dream,51.1,18.2,204,4103,male,2007
Chinstrap,Dream,48.8,19.0,193,3599,male,2010
Chinstrap,Dream,48.6,18.4,198,3900,female,2009
Chinstrap,Dream,48.8,18.5,196,3851,female,2009
Chinstrap,Dream,49.8,20.0,210,4799,male,2006
Chinstrap,Dream,47.8,15.6,193,2702,female,2008
Chinstrap,Dream,52.9,21.3,206,4499,male,2007
Chinstrap,Dream,48.8,22.1,211,3949,male,2009
Chinstrap,Dream,47.1,16.5,187,3650,female,2009
Chinstrap,Dream,51.6,19.2,197,3551,male,2007
Chinstrap,Dream,44.7,15.4,196,3503,female,2007
Chinstrap,Dream,51.2,18.0,198,3675,female,2007
Chinstrap,Dream,50.3,18.2,201,4451,male,2010
Chinstrap,Dream,51.4,17.9,191,3399,female,2010
Chinstrap,Dream,47.4,22.5,211,4300,male,2007
Chinstrap,Dream,52.3,17.3,187,3248,male,2007
Chinstrap,Dream,51.2,17.7,196,3675,female,2010
Chinstrap,Dream,45.5,18.2,199,3326,female,2010
Chinstrap,Dream,52.0,18.4,200,3950,male,2009
Chinstrap,Dream,45.3,16.5,193,3600,female,2009
Chinstrap,Dream,50.8,19.7,203,4050,male,2008
Chinstrap,Dream,42.2,18.6,188,3350,female,2009
Chinstrap,Dream,52.9,18.5,196,3450,male,2009
Chinstrap,Dream,46.1,15.6,190,3248,female,2011
Chinstrap,Dream,49.9,20.0,201,4050,male,2009
Chinstrap,Dream,50.1,16.8,203,3800,male,2006
Chinstrap,Dream,45.2,17.9,195,3526,female,2009
Chinstrap,Dream,51.8,20.6,206,3950,male,2008
Chinstrap,Dream,46.6,17.0,190,3649,female,2010
Chinstrap,Dream,45.9,14.8,195,3651,female,2007
Chinstrap,Dream,55.0,20.4,206,4001,male,2009
Chinstrap,Dream,44.1,15.8,202,3399,female,2009
Chinstrap,Dream,48.6,17.8,194,3775,male,2009
Chinstrap,Dream,49.3,19.3,209,4099,male,2007
Chinstrap,Dream,50.5,17.3,196,3774,female,2008
